Test,Chi2,p_value
Bartlett,812.7329045134727,2.309576285707255e-135
